-- ============================================================
-- HMB Scramble — demo data
-- A live 9-hole event at /event/demo1234 so the app never looks
-- lonely. Run AFTER schema.sql. Safe to re-run (deletes first).
-- Admin pin for the demo event: 1919
-- ============================================================

delete from events where share_code = 'demo1234';

-- The event (dated today so it always looks fresh)
insert into events (id, title, date, course, holes, status, created_by, share_code) values
  ('a0000000-0000-4000-8000-000000000001', 'The Saturday Slice Open', current_date,
   'Sunny Pines Muni', 9, 'live', 'Commissioner Dale', 'demo1234');

insert into event_admins (event_id, pin) values
  ('a0000000-0000-4000-8000-000000000001', '1919');

-- The regulars
insert into golfers (id, name, handicap, event_id) values
  ('b0000000-0000-4000-8000-000000000001', 'Big Rick',         12, 'a0000000-0000-4000-8000-000000000001'),
  ('b0000000-0000-4000-8000-000000000002', 'Tommy Two-Putts',  18, 'a0000000-0000-4000-8000-000000000001'),
  ('b0000000-0000-4000-8000-000000000003', 'Dale',              9, 'a0000000-0000-4000-8000-000000000001'),
  ('b0000000-0000-4000-8000-000000000004', 'Sauce',            22, 'a0000000-0000-4000-8000-000000000001'),
  ('b0000000-0000-4000-8000-000000000005', 'Kenny the Cooler', 15, 'a0000000-0000-4000-8000-000000000001'),
  ('b0000000-0000-4000-8000-000000000006', 'The Professor',     7, 'a0000000-0000-4000-8000-000000000001'),
  ('b0000000-0000-4000-8000-000000000007', 'Marty',            20, 'a0000000-0000-4000-8000-000000000001'),
  ('b0000000-0000-4000-8000-000000000008', 'Chip Sandwedge',   11, 'a0000000-0000-4000-8000-000000000001');

-- The teams
insert into teams (id, name, event_id, player1_id, player2_id) values
  ('c0000000-0000-4000-8000-000000000001', 'The Hoppy Bogeys',     'a0000000-0000-4000-8000-000000000001',
   'b0000000-0000-4000-8000-000000000001', 'b0000000-0000-4000-8000-000000000002'),
  ('c0000000-0000-4000-8000-000000000002', 'Draft Punks',          'a0000000-0000-4000-8000-000000000001',
   'b0000000-0000-4000-8000-000000000003', 'b0000000-0000-4000-8000-000000000004'),
  ('c0000000-0000-4000-8000-000000000003', 'Shanks A Lot',         'a0000000-0000-4000-8000-000000000001',
   'b0000000-0000-4000-8000-000000000005', 'b0000000-0000-4000-8000-000000000006'),
  ('c0000000-0000-4000-8000-000000000004', 'The Lukewarm Lagers',  'a0000000-0000-4000-8000-000000000001',
   'b0000000-0000-4000-8000-000000000007', 'b0000000-0000-4000-8000-000000000008');

-- Mid-round scores: leaders thru 7, one group dawdling on 6 (beer stop)
insert into scores (event_id, team_id, hole_number, score, notes) values
  -- The Hoppy Bogeys: thru 7, gross 33
  ('a0000000-0000-4000-8000-000000000001', 'c0000000-0000-4000-8000-000000000001', 1, 5, null),
  ('a0000000-0000-4000-8000-000000000001', 'c0000000-0000-4000-8000-000000000001', 2, 4, null),
  ('a0000000-0000-4000-8000-000000000001', 'c0000000-0000-4000-8000-000000000001', 3, 5, 'Cart path bounce 🛞'),
  ('a0000000-0000-4000-8000-000000000001', 'c0000000-0000-4000-8000-000000000001', 4, 4, null),
  ('a0000000-0000-4000-8000-000000000001', 'c0000000-0000-4000-8000-000000000001', 5, 6, 'Total team collapse 📉'),
  ('a0000000-0000-4000-8000-000000000001', 'c0000000-0000-4000-8000-000000000001', 6, 4, null),
  ('a0000000-0000-4000-8000-000000000001', 'c0000000-0000-4000-8000-000000000001', 7, 5, null),
  -- Draft Punks: thru 7, gross 30 — heaters
  ('a0000000-0000-4000-8000-000000000001', 'c0000000-0000-4000-8000-000000000002', 1, 4, null),
  ('a0000000-0000-4000-8000-000000000001', 'c0000000-0000-4000-8000-000000000002', 2, 4, null),
  ('a0000000-0000-4000-8000-000000000001', 'c0000000-0000-4000-8000-000000000002', 3, 3, 'Drained a bomb 🎯'),
  ('a0000000-0000-4000-8000-000000000001', 'c0000000-0000-4000-8000-000000000002', 4, 5, null),
  ('a0000000-0000-4000-8000-000000000001', 'c0000000-0000-4000-8000-000000000002', 5, 4, null),
  ('a0000000-0000-4000-8000-000000000001', 'c0000000-0000-4000-8000-000000000002', 6, 5, null),
  ('a0000000-0000-4000-8000-000000000001', 'c0000000-0000-4000-8000-000000000002', 7, 5, null),
  -- Shanks A Lot: thru 7, gross 36 — living up to the name
  ('a0000000-0000-4000-8000-000000000001', 'c0000000-0000-4000-8000-000000000003', 1, 5, null),
  ('a0000000-0000-4000-8000-000000000001', 'c0000000-0000-4000-8000-000000000003', 2, 6, null),
  ('a0000000-0000-4000-8000-000000000001', 'c0000000-0000-4000-8000-000000000003', 3, 5, null),
  ('a0000000-0000-4000-8000-000000000001', 'c0000000-0000-4000-8000-000000000003', 4, 4, 'Hero par save 🦸'),
  ('a0000000-0000-4000-8000-000000000001', 'c0000000-0000-4000-8000-000000000003', 5, 5, null),
  ('a0000000-0000-4000-8000-000000000001', 'c0000000-0000-4000-8000-000000000003', 6, 7, 'Three trips to the beach 🏖️'),
  ('a0000000-0000-4000-8000-000000000001', 'c0000000-0000-4000-8000-000000000003', 7, 4, null),
  -- The Lukewarm Lagers: thru 6, gross 28 — sneaky good, slow drinkers
  ('a0000000-0000-4000-8000-000000000001', 'c0000000-0000-4000-8000-000000000004', 1, 4, null),
  ('a0000000-0000-4000-8000-000000000001', 'c0000000-0000-4000-8000-000000000004', 2, 5, null),
  ('a0000000-0000-4000-8000-000000000001', 'c0000000-0000-4000-8000-000000000004', 3, 4, null),
  ('a0000000-0000-4000-8000-000000000001', 'c0000000-0000-4000-8000-000000000004', 4, 5, 'Beer-in-hand putt 🍺'),
  ('a0000000-0000-4000-8000-000000000001', 'c0000000-0000-4000-8000-000000000004', 5, 3, 'BIRDIE. Chaos.'),
  ('a0000000-0000-4000-8000-000000000001', 'c0000000-0000-4000-8000-000000000004', 6, 7, 'Found the water. Twice.');

-- The lore
insert into highlights (event_id, hole_number, team_id, caption, image_url) values
  ('a0000000-0000-4000-8000-000000000001', 3, 'c0000000-0000-4000-8000-000000000002',
   'Dale drained a 40-footer with a hot dog in his other hand', null),
  ('a0000000-0000-4000-8000-000000000001', 5, 'c0000000-0000-4000-8000-000000000004',
   'Marty called bank shot off the cart path and IT WORKED', null),
  ('a0000000-0000-4000-8000-000000000001', 6, 'c0000000-0000-4000-8000-000000000003',
   'Kenny threw his wedge into the pond, then his ball went in after it. Solidarity.', null);
